{
    "en": {
        "AF": "Afghanistan", "AX": "Aland Islands", "AL": "Albania", "DZ": "Algeria", "AS": "American Samoa", "AD": "Andorra", "AO": "Angola", "AI": "Anguilla", "AQ": "Antarctica", "AG": "Antigua and Barbuda", "AR": "Argentina", "AM": "Armenia", "AW": "Aruba", "AU": "Australia", "AT": "Austria", "AZ": "Azerbaijan", "BS": "Bahamas", "BH": "Bahrain", "BD": "Bangladesh", "BB": "Barbados", "BY": "Belarus", "BE": "Belgium", "BZ": "Belize", "BJ": "Benin", "BM": "Bermuda", "BT": "Bhutan", "BO": "Bolivia", "BA": "Bosnia and Herzegovina", "BW": "Botswana", "BV": "Bouvet Island", "BR": "Brazil", "IO": "British Indian Ocean Territory", "BN": "Brunei Darussalam", "BG": "Bulgaria", "BF": "Burkina Faso", "BI": "Burundi", "KH": "Cambodia", "CM": "Cameroon", "CA": "Canada", "CV": "Cape Verde", "KY": "Cayman Islands", "CF": "Central African Republic", "TD": "Chad", "CL": "Chile", "CN": "China", "CX": "Christmas Island", "CC": "Cocos (Keeling) Islands", "CO": "Colombia", "KM": "Comoros", "CG": "Congo", "CD": "Congo, Democratic Republic", "CK": "Cook Islands", "CR": "Costa Rica", "CI": "Cote d'Ivoire", "HR": "Croatia", "CU": "Cuba", "CW": "Curaçao", "CY": "Cyprus", "CZ": "Czech Republic", "DK": "Denmark", "DJ": "Djibouti", "DM": "Dominica", "DO": "Dominican Republic", "EC": "Ecuador", "EG": "Egypt", "SV": "El Salvador", "GQ": "Equatorial Guinea", "ER": "Eritrea", "EE": "Estonia", "ET": "Ethiopia", "FK": "Falkland Islands", "FO": "Faroe Islands", "FJ": "Fiji", "FI": "Finland", "FR": "France", "GF": "French Guiana", "PF": "French Polynesia", "TF": "French Southern Territories", "GA": "Gabon", "GM": "Gambia", "GE": "Georgia", "DE": "Germany", "GH": "Ghana", "GI": "Gibraltar", "GR": "Greece", "GL": "Greenland", "GD": "Grenada", "GP": "Guadeloupe", "GU": "Guam", "GT": "Guatemala", "GG": "Guernsey", "GN": "Guinea", "GW": "Guinea-Bissau", "GY": "Guyana", "HT": "Haiti", "HM": "Heard Island and McDonald Islands", "VA": "Holy See (Vatican City State)", "HN": "Honduras", "HK": "Hong Kong", "HU": "Hungary", "IS": "Iceland", "IN": "India", "ID": "Indonesia", "IR": "Iran", "IQ": "Iraq", "IE": "Ireland", "IM": "Isle of Man", "IL": "Israel", "IT": "Italy", "JM": "Jamaica", "JP": "Japan", "JE": "Jersey", "JO": "Jordan", "KZ": "Kazakhstan", "KE": "Kenya", "KI": "Kiribati", "KP": "North Korea", "KR": "South Korea", "KW": "Kuwait", "KG": "Kyrgyzstan", "LA": "Lao People's Democratic Republic", "LV": "Latvia", "LB": "Lebanon", "LS": "Lesotho", "LR": "Liberia", "LY": "Libya", "LI": "Liechtenstein", "LT": "Lithuania", "LU": "Luxembourg", "MO": "Macao", "MK": "North Macedonia", "MG": "Madagascar", "MW": "Malawi", "MY": "Malaysia", "MV": "Maldives", "ML": "Mali", "MT": "Malta", "MH": "Marshall Islands", "MQ": "Martinique", "MR": "Mauritania", "MU": "Mauritius", "YT": "Mayotte", "MX": "Mexico", "FM": "Micronesia", "MD": "Moldova", "MC": "Monaco", "MN": "Mongolia", "ME": "Montenegro", "MS": "Montserrat", "MA": "Morocco", "MZ": "Mozambique", "MM": "Myanmar", "NA": "Namibia", "NR": "Nauru", "NP": "Nepal", "NL": "Netherlands", "NC": "New Caledonia", "NZ": "New Zealand", "NI": "Nicaragua", "NE": "Niger", "NG": "Nigeria", "NU": "Niue", "NF": "Norfolk Island", "MP": "Northern Mariana Islands", "NO": "Norway", "OM": "Oman", "PK": "Pakistan", "PW": "Palau", "PS": "Palestine", "PA": "Panama", "PG": "Papua New Guinea", "PY": "Paraguay", "PE": "Peru", "PH": "Philippines", "PN": "Pitcairn", "PL": "Poland", "PT": "Portugal", "PR": "Puerto Rico", "QA": "Qatar", "RE": "Reunion", "RO": "Romania", "RU": "Russia", "RW": "Rwanda", "BL": "Saint Barthelemy", "SH": "Saint Helena", "KN": "Saint Kitts and Nevis", "LC": "Saint Lucia", "MF": "Saint Martin", "PM": "Saint Pierre and Miquelon", "VC": "Saint Vincent and the Grenadines", "WS": "Samoa", "SM": "San Marino", "ST": "Sao Tome and Principe", "SA": "Saudi Arabia", "SN": "Senegal", "RS": "Serbia", "SC": "Seychelles", "SL": "Sierra Leone", "SG": "Singapore", "SX": "Sint Maarten", "SK": "Slovakia", "SI": "Slovenia", "SB": "Solomon Islands", "SO": "Somalia", "ZA": "South Africa", "GS": "South Georgia and Sandwich Islands", "ES": "Spain", "LK": "Sri Lanka", "SD": "Sudan", "SR": "Suriname", "SJ": "Svalbard and Jan Mayen", "SZ": "Eswatini", "SE": "Sweden", "CH": "Switzerland", "SY": "Syria", "TW": "Taiwan", "TJ": "Tajikistan", "TZ": "Tanzania", "TH": "Thailand", "TL": "Timor-Leste", "TG": "Togo", "TK": "Tokelau", "TO": "Tonga", "TT": "Trinidad and Tobago", "TN": "Tunisia", "TR": "Turkey", "TM": "Turkmenistan", "TC": "Turks and Caicos Islands", "TV": "Tuvalu", "UG": "Uganda", "UA": "Ukraine", "AE": "United Arab Emirates", "GB": "United Kingdom", "US": "United States", "UM": "United States Minor Outlying Islands", "UY": "Uruguay", "UZ": "Uzbekistan", "VU": "Vanuatu", "VE": "Venezuela", "VN": "Vietnam", "VG": "Virgin Islands, British", "VI": "Virgin Islands, U.S.", "WF": "Wallis and Futuna", "EH": "Western Sahara", "YE": "Yemen", "ZM": "Zambia", "ZW": "Zimbabwe"
    },
    "ru": {
        "AF": "Афганистан", "AX": "Аландские острова", "AL": "Албания", "DZ": "Алжир", "AS": "Американское Самоа", "AD": "Андорра", "AO": "Ангола", "AI": "Ангилья", "AQ": "Антарктида", "AG": "Антигуа и Барбуда", "AR": "Аргентина", "AM": "Армения", "AW": "Аруба", "AU": "Австралия", "AT": "Австрия", "AZ": "Азербайджан", "BS": "Багамы", "BH": "Бахрейн", "BD": "Бангладеш", "BB": "Барбадос", "BY": "Беларусь", "BE": "Бельгия", "BZ": "Белиз", "BJ": "Бенин", "BM": "Бермуды", "BT": "Бутан", "BO": "Боливия", "BA": "Босния и Герцеговина", "BW": "Ботсвана", "BV": "Остров Буве", "BR": "Бразилия", "IO": "Британская территория в Индийском океане", "BN": "Бруней-Даруссалам", "BG": "Болгария", "BF": "Буркина-Фасо", "BI": "Бурунди", "KH": "Камбоджа", "CM": "Камерун", "CA": "Канада", "CV": "Кабо-Верде", "KY": "Каймановы острова", "CF": "Центральноафриканская Республика", "TD": "Чад", "CL": "Чили", "CN": "Китай", "CX": "Остров Рождества", "CC": "Кокосовые острова", "CO": "Колумбия", "KM": "Коморы", "CG": "Конго", "CD": "ДР Конго", "CK": "Острова Кука", "CR": "Коста-Рика", "CI": "Кот-д'Ивуар", "HR": "Хорватия", "CU": "Куба", "CW": "Кюрасао", "CY": "Кипр", "CZ": "Чехия", "DK": "Дания", "DJ": "Джибути", "DM": "Доминика", "DO": "Доминиканская Республика", "EC": "Эквадор", "EG": "Египет", "SV": "Сальвадор", "GQ": "Экваториальная Гвинея", "ER": "Эритрея", "EE": "Эстония", "ET": "Эфиопия", "FK": "Фолклендские острова", "FO": "Фарерские острова", "FJ": "Фиджи", "FI": "Финляндия", "FR": "Франция", "GF": "Французская Гвиана", "PF": "Французская Полинезия", "TF": "Французские Южные территории", "GA": "Габон", "GM": "Гамбия", "GE": "Грузия", "DE": "Германия", "GH": "Гана", "GI": "Гибралтар", "GR": "Греция", "GL": "Гренландия", "GD": "Гренада", "GP": "Гваделупа", "GU": "Гуам", "GT": "Гватемала", "GG": "Гернси", "GN": "Гвинея", "GW": "Гвинея-Бисау", "GY": "Гайана", "HT": "Гаити", "HM": "Остров Херд и острова Макдональд", "VA": "Ватикан", "HN": "Гондурас", "HK": "Гонконг", "HU": "Венгрия", "IS": "Исландия", "IN": "Индия", "ID": "Индонезия", "IR": "Иран", "IQ": "Ирак", "IE": "Ирландия", "IM": "Остров Мэн", "IL": "Израиль", "IT": "Италия", "JM": "Ямайка", "JP": "Япония", "JE": "Джерси", "JO": "Иордания", "KZ": "Казахстан", "KE": "Кения", "KI": "Кирибати", "KP": "КНДР", "KR": "Республика Корея", "KW": "Кувейт", "KG": "Киргизия", "LA": "Лаос", "LV": "Латвия", "LB": "Ливан", "LS": "Лесото", "LR": "Либерия", "LY": "Ливия", "LI": "Лихтенштейн", "LT": "Литва", "LU": "Люксембург", "MO": "Макао", "MK": "Северная Македония", "MG": "Мадагаскар", "MW": "Малави", "MY": "Малайзия", "MV": "Мальдивы", "ML": "Мали", "MT": "Мальта", "MH": "Маршалловы Острова", "MQ": "Мартиника", "MR": "Мавритания", "MU": "Маврикий", "YT": "Майотта", "MX": "Мексика", "FM": "Микронезия", "MD": "Молдова", "MC": "Монако", "MN": "Монголия", "ME": "Черногория", "MS": "Монтсеррат", "MA": "Марокко", "MZ": "Мозамбик", "MM": "Мьянма", "NA": "Намибия", "NR": "Науру", "NP": "Непал", "NL": "Нидерланды", "NC": "Новая Каледония", "NZ": "Новая Зеландия", "NI": "Никарагуа", "NE": "Нигер", "NG": "Нигерия", "NU": "Ниуэ", "NF": "Остров Норфолк", "MP": "Северные Марианские острова", "NO": "Норвегия", "OM": "Оман", "PK": "Пакистан", "PW": "Палау", "PS": "Палестина", "PA": "Панама", "PG": "Папуа — Новая Гвинея", "PY": "Парагвай", "PE": "Перу", "PH": "Филиппины", "PN": "Питкэрн", "PL": "Польша", "PT": "Португалия", "PR": "Пуэрто-Рико", "QA": "Катар", "RE": "Реюньон", "RO": "Румыния", "RU": "Россия", "RW": "Руанда", "BL": "Сен-Бартелеми", "SH": "Остров Святой Елены", "KN": "Сент-Китс и Невис", "LC": "Сент-Люсия", "MF": "Сен-Мартен", "PM": "Сен-Пьер и Микелон", "VC": "Сент-Винсент и Гренадины", "WS": "Самоа", "SM": "Сан-Марино", "ST": "Сан-Томе и Принсипи", "SA": "Саудовская Аравия", "SN": "Сенегал", "RS": "Сербия", "SC": "Сейшельские Острова", "SL": "Сьерра-Леоне", "SG": "Сингапур", "SX": "Синт-Мартен", "SK": "Словакия", "SI": "Словения", "SB": "Соломоновы Острова", "SO": "Сомали", "ZA": "ЮАР", "GS": "Южная Георгия и Южные Сандвичевы острова", "ES": "Испания", "LK": "Шри-Ланка", "SD": "Судан", "SR": "Суринам", "SJ": "Шпицберген и Ян-Майен", "SZ": "Эсватини", "SE": "Швеция", "CH": "Швейцария", "SY": "Сирия", "TW": "Тайвань", "TJ": "Таджикистан", "TZ": "Танзания", "TH": "Таиланд", "TL": "Тимор-Лешти", "TG": "Того", "TK": "Токелау", "TO": "Тонга", "TT": "Тринидад и Тобаго", "TN": "Тунис", "TR": "Турция", "TM": "Туркменистан", "TC": "Теркс и Кайкос", "TV": "Тувалу", "UG": "Уганда", "UA": "Украина", "AE": "ОАЭ", "GB": "Великобритания", "US": "США", "UM": "Внешние малые острова США", "UY": "Уругвай", "UZ": "Узбекистан", "VU": "Вануату", "VE": "Венесуэла", "VN": "Вьетнам", "VG": "Виргинские острова (Британия)", "VI": "Виргинские острова (США)", "WF": "Уоллис и Футуна", "EH": "Западная Сахара", "YE": "Йемен", "ZM": "Замбия", "ZW": "Зимбабве"
    },
    "uz": {
        "AF": "Afgʻoniston", "AX": "Aland orollari", "AL": "Albaniya", "DZ": "Jazoir", "AS": "Amerika Samoasi", "AD": "Andorra", "AO": "Angola", "AI": "Angilya", "AQ": "Antarktida", "AG": "Antigua va Barbuda", "AR": "Argentina", "AM": "Armaniston", "AW": "Aruba", "AU": "Avstraliya", "AT": "Avstriya", "AZ": "Ozarbayjon", "BS": "Bagama orollari", "BH": "Bahrayn", "BD": "Bangladesh", "BB": "Barbados", "BY": "Belarus", "BE": "Belgiya", "BZ": "Beliz", "BJ": "Benin", "BM": "Bermuda orollari", "BT": "Butan", "BO": "Boliviya", "BA": "Bosniya va Gertsegovina", "BW": "Botsvana", "BV": "Buve oroli", "BR": "Braziliya", "IO": "Britaniyaning Hind okeanidagi hududi", "BN": "Bruney", "BG": "Bolgariya", "BF": "Burkina-Faso", "BI": "Burundi", "KH": "Kambodja", "CM": "Kamerun", "CA": "Kanada", "CV": "Kabo-Verde", "KY": "Kayman orollari", "CF": "Markaziy Afrika Respublikasi", "TD": "Chad", "CL": "Chili", "CN": "Xitoy", "CX": "Rojdestvo oroli", "CC": "Kokos orollari", "CO": "Kolumbiya", "KM": "Komor orollari", "CG": "Kongo", "CD": "Kongo Demokratik Respublikasi", "CK": "Kuk orollari", "CR": "Kosta-Rika", "CI": "Kot-d'Ivuar", "HR": "Xorvatiya", "CU": "Kuba", "CW": "Kyurasao", "CY": "Kipr", "CZ": "Chexiya", "DK": "Daniya", "DJ": "Jibuti", "DM": "Dominika", "DO": "Dominikan Respublikasi", "EC": "Ekvador", "EG": "Misr", "SV": "Salvador", "GQ": "Ekvatorial Gvineya", "ER": "Eritreya", "EE": "Estoniya", "ET": "Efiopiya", "FK": "Folklend orollari", "FO": "Farer orollari", "FJ": "Fiji", "FI": "Finlyandiya", "FR": "Fransiya", "GF": "Fransuz Gvianasi", "PF": "Fransuz Polineziyasi", "TF": "Fransuz Janubiy hududlari", "GA": "Gabon", "GM": "Gambiya", "GE": "Gruziya", "DE": "Germaniya", "GH": "Gana", "GI": "Gibraltar", "GR": "Gretsiya", "GL": "Grenlandiya", "GD": "Grenada", "GP": "Gvadelupa", "GU": "Guam", "GT": "Gvatemala", "GG": "Gernsi", "GN": "Gvineya", "GW": "Gvineya-Bisau", "GY": "Gayana", "HT": "Gaiti", "HM": "Xerd va Makdonald orollari", "VA": "Vatikan", "HN": "Gonduras", "HK": "Gonkony", "HU": "Vengriya", "IS": "Islandiya", "IN": "Hindiston", "ID": "Indoneziya", "IR": "Eron", "IQ": "Iroq", "IE": "Irlandiya", "IM": "Men oroli", "IL": "Isroil", "IT": "Italiya", "JM": "Yamayka", "JP": "Yaponiya", "JE": "Jersi", "JO": "Iordaniya", "KZ": "Qozogʻiston", "KE": "Keniya", "KI": "Kiribati", "KP": "Shimoliy Koreya", "KR": "Janubiy Koreya", "KW": "Quvayt", "KG": "Qirgʻiziston", "LA": "Laos", "LV": "Latviya", "LB": "Livan", "LS": "Lesoto", "LR": "Liberiya", "LY": "Liviya", "LI": "Lixtenshteyn", "LT": "Litva", "LU": "Lyuksemburg", "MO": "Makao", "MK": "Shimoliy Makedoniya", "MG": "Madagaskar", "MW": "Malavi", "MY": "Malayziya", "MV": "Maldiv orollari", "ML": "Mali", "MT": "Malta", "MH": "Marshall orollari", "MQ": "Martinika", "MR": "Mavritaniya", "MU": "Mavrikiy", "YT": "Mayotta", "MX": "Meksika", "FM": "Mikroneziya", "MD": "Moldova", "MC": "Monako", "MN": "Moʻgʻuliston", "ME": "Montenegro", "MS": "Montserrat", "MA": "Marokash", "MZ": "Mozambik", "MM": "Myanma", "NA": "Namibiya", "NR": "Nauru", "NP": "Nepal", "NL": "Niderlandiya", "NC": "Yangi Kaledoniya", "NZ": "Yangi Zelandiya", "NI": "Nikaragua", "NE": "Niger", "NG": "Nigeriya", "NU": "Niue", "NF": "Norfolk oroli", "MP": "Shimoliy Mariana orollari", "NO": "Norvegiya", "OM": "Ummon", "PK": "Pokiston", "PW": "Palau", "PS": "Falastin", "PA": "Panama", "PG": "Papua – Yangi Gvineya", "PY": "Paragvay", "PE": "Peru", "PH": "Filippin", "PN": "Pitkern orollari", "PL": "Polsha", "PT": "Portugaliya", "PR": "Puerto-Riko", "QA": "Qatar", "RE": "Reyunon", "RO": "Ruminiya", "RU": "Rossiya", "RW": "Ruanda", "BL": "Sen-Bartelemi", "SH": "Muqaddas Yelena oroli", "KN": "Sent-Kits va Nevis", "LC": "Sent-Lyusiya", "MF": "Sent-Marten", "PM": "Sen-Pyer va Mikelon", "VC": "Sent-Vinsent va Grenadin", "WS": "Samoa", "SM": "San-Marino", "ST": "San-Tome va Prinsipi", "SA": "Saudiya Arabistoni", "SN": "Senegal", "RS": "Serbiya", "SC": "Seyshel orollari", "SL": "Syerra-Leone", "SG": "Singapur", "SX": "Sint-Marten", "SK": "Slovakiya", "SI": "Sloveniya", "SB": "Solomon orollari", "SO": "Somali", "ZA": "Janubiy Afrika Respublikasi", "GS": "Janubiy Georgiya va Janubiy Sendvich orollari", "ES": "Ispaniya", "LK": "Shri-Lanka", "SD": "Sudan", "SR": "Surinam", "SJ": "Shpitsbergen va Yan-Mayen", "SZ": "Esvatini", "SE": "Shvetsiya", "CH": "Shveytsariya", "SY": "Suriya", "TW": "Tayvan", "TJ": "Tojikiston", "TZ": "Tanzaniya", "TH": "Tailand", "TL": "Timor-Leste", "TG": "Togo", "TK": "Tokelau", "TO": "Tonga", "TT": "Trinidad va Tobago", "TN": "Tunis", "TR": "Turkiya", "TM": "Turkmaniston", "TC": "Turks va Kaykos orollari", "TV": "Tuvalu", "UG": "Uganda", "UA": "Ukraina", "AE": "Birlashgan Arab Amirliklari", "GB": "Birlashgan Qirollik", "US": "Amerika Qoʻshma Shtatlari", "UM": "AQSHning kichik chekka orollari", "UY": "Urugvay", "UZ": "Oʻzbekiston", "VU": "Vanuatu", "VE": "Venesuela", "VN": "Vyetnam", "VG": "Britaniya Virgin orollari", "VI": "AQSH Virgin orollari", "WF": "Uollis va Futuna", "EH": "Gʻarbiy Sahroi Kabir", "YE": "Yaman", "ZM": "Zambiya", "ZW": "Zimbabve"
    }
}
